<?xml version="1.0" encoding="UTF-8"?>
<ejb-jar version="3.0" xmlns="http://java.sun.com/xml/ns/javaee"
	xmlns:xsi="http://www.w3.org/2001/XMLSchema-instance"
	xsi:schemaLocation="http://java.sun.com/xml/ns/javaee ../../../testapp/ejb-jar_3_0.xsd ">
	<enterprise-beans>
		<session>
			<ejb-name>GestionEmpruntBean</ejb-name>
			<env-entry>
	            <env-entry-name>maxLivresEmpruntes</env-entry-name>
	            <env-entry-type>java.lang.Integer</env-entry-type>
	            <env-entry-value>2</env-entry-value>
	        </env-entry>
		</session>
	</enterprise-beans>
</ejb-jar>